<?xml version="1.0" encoding="UTF-8" ?>
<!DOCTYPE mapper PUBLIC "-//mybatis.org//DTD Mapper 3.0//EN" 
	"http://mybatis.org/dtd/mybatis-3-mapper.dtd">

<mapper namespace="com.ssafy.happyhouse.model.mapper.ArticleMapper">

	<insert id="writeArticle" parameterType="articleDto">
		insert into article (userid, subject, content, regtime)
		values (#{userid}, #{subject}, #{content}, now())
	</insert>
    <select id="findAfterAdd"  resultType="java.lang.Integer">
	   		SELECT MAX(articleno)  FROM article
    </select>
	
	<select id="listArticle" resultType="articleDto">
		select articleno, userid, subject, content, regtime
		from article
		order by articleno desc
	</select>
	
	<select id="getArticle" parameterType="int" resultType="articleDto">
		select articleno, userid, subject, content, regtime
		from article
		where articleno = #{articleno}
	</select>
	
	<update id="modifyArticle" parameterType="articleDto">
		update article
		set subject = #{subject}, content = #{content}
		where articleno = #{articleno}
	</update>
	
	<delete id="deleteArticle" parameterType="int">
	delete from article
	where articleno = #{articleno}
	</delete>
	
</mapper>