<?xml version="1.0" encoding="UTF-8" ?>
<!DOCTYPE mapper PUBLIC "-//mybatis.org//DTD Mapper 3.0//EN" 
	"http://mybatis.org/dtd/mybatis-3-mapper.dtd">

<mapper namespace="com.ssafy.happyhouse.model.mapper.HouseMapper">

	<select id="getSido" resultType="sidoGugunCodeDto">
		SELECT left(sido_code,2) as sidoCode, sido_name as sidoName
		FROM sidocode
		ORDER BY sido_code
	</select>
	
	<select id="getGugunInSido" parameterType="String" resultType="sidoGugunCodeDto">
		SELECT left(gugun_code,5) as gugunCode, gugun_name as gugunName 
		FROM guguncode
		where left(gugun_code,2) = #{sido}
		ORDER BY gugun_code
	</select>
	
	<select id="getDongInGugun" parameterType="String" resultType="houseInfoDto">
		SELECT distinct dong, code FROM houseinfo
		where code = #{gugun}
		ORDER BY dong
	</select>
	
	<select id="getAptInDong" parameterType="String" resultType="houseInfoDto">
		SELECT * 
		FROM houseinfo 
		WHERE dong = #{dong}
		ORDER BY AptName
	</select>
	
	<select id="getAptInfo" parameterType="String" resultType="houseDealDto">
		SELECT * 
		FROM housedeal 
		WHERE AptName = #{AptName}
		ORDER BY AptName
	</select>
	
</mapper>