<?xml version="1.0" encoding="UTF-8" ?>
<!DOCTYPE mapper PUBLIC "-//mybatis.org//DTD Mapper 3.0//EN" 
	"http://mybatis.org/dtd/mybatis-3-mapper.dtd">

<mapper namespace="com.ssafy.happyhouse.model.mapper.UserMapper">

	<select id="login" parameterType="memberDto" resultType="memberDto">
		select userid, userpwd, username, email, address, date_format(joindate, '%y.%m.%d') joindate
		from ssafy_member
		where userid = #{userid} and userpwd = #{userpwd}
	</select>
	
	<select id="userList" resultType="memberDto">
		select userid, userpwd, username, email, address, date_format(joindate, '%y.%m.%d') joindate
		from ssafy_member
		order by joindate desc
	</select>
	
	<select id="userInfo" parameterType="String" resultType="memberDto">
		select userid, userpwd, username, email, address, date_format(joindate, '%y.%m.%d') joindate
		from ssafy_member
		where userid = #{userid}
	</select>
	
	<insert id="userRegister" parameterType="memberDto">
		insert into ssafy_member (userid, userpwd, username, email, address, joindate)
		values (#{userid}, #{userpwd}, #{username}, #{email}, #{address}, now())
	</insert>
	
	<update id="userModify" parameterType="memberDto">
		update ssafy_member
		set userpwd = #{userpwd}, email = #{email}, address = #{address}
		where userid = #{userid}
	</update>
	
	<delete id="userDelete" parameterType="String">
		delete from ssafy_member
		where userid = #{userid}
	</delete>

	
</mapper>